<?xml version="1.0" standalone="no" ?>
<!--
 This manifest demonstrates the use of the LETSI RTWS manifest extention: http://letsi.org/RTWSMConfiguration
 The RTWSMConfiguration as a child element of lom:technical indicates (by it's presence) that this package may be used with RTWS,
 and provides the shared secret to be used for this package's RTWS communications.
 
 IMPORTANT: generate your own shared secret, do not use this one (since it is being published).
-->
<manifest identifier="LETSI_RTWS_example_internal" version="1.4" 
                  xmlns = "http://www.imsglobal.org/xsd/imscp_v1p1"
                  xmlns:adlcp = "http://www.adlnet.org/xsd/adlcp_v1p3"
                  xmlns:adlseq = "http://www.adlnet.org/xsd/adlseq_v1p3"
                  xmlns:adlnav = "http://www.adlnet.org/xsd/adlnav_v1p3"
                  xmlns:imsss = "http://www.imsglobal.org/xsd/imsss"
                  xmlns:xsi = "http://www.w3.org/2001/XMLSchema-instance"
                  xmlns:lom="http://ltsc.ieee.org/xsd/LOM"
                  xmlns:RTWSM="http://letsi.org/RTWSMConfiguration"
                  xsi:schemaLocation = "http://www.imsglobal.org/xsd/imscp_v1p1 imscp_v1p1.xsd
                                       http://www.adlnet.org/xsd/adlcp_v1p3 adlcp_v1p3.xsd
                                       http://www.adlnet.org/xsd/adlseq_v1p3 adlseq_v1p3.xsd
                                       http://www.adlnet.org/xsd/adlnav_v1p3 adlnav_v1p3.xsd
                                       http://www.imsglobal.org/xsd/imsss imsss_v1p0.xsd
                                       http://ltsc.ieee.org/xsd/LOM lomLoose.xsd
                                       http://letsi.org/RTWSMConfiguration RTWSMConfiguration.xsd" >
  <metadata>
    <schema>LETSI RTWS</schema>
    <schemaversion>1.0</schemaversion>
  </metadata>
  <organizations default="RTWS">
    <organization identifier="RTWS">
      <title>LETSI RTWS internal example</title>
      <item identifier="i1" identifierref="r1" isvisible="true">
        <title>LETSI RTWS internal example</title>
      </item>
    </organization>
  </organizations>
  <resources>
    <resource identifier="r1" type="webcontent" adlcp:scormType="sco" href="RTWS.html">
      <metadata>
        <lom:lom>
          <lom:technical>
            <lom:format>text/html</lom:format>
            <RTWSM:RTWSMConfiguration secret="kWcrlUX5JEDGM/LtmEENI/aVmYvHNif5zB+d9+ct">
              <RTWSM:communicationVersion>1.0</RTWSM:communicationVersion>
            </RTWSM:RTWSMConfiguration>
          </lom:technical>
        </lom:lom>
      </metadata>
      <file href="RTWS.html"/>
    </resource>
  </resources>
</manifest>