<?xml version="1.0" standalone="no" ?>
<manifest identifier="LETSI_RTWS_external_example" version="1.4" 
                  xmlns = "http://www.imsglobal.org/xsd/imscp_v1p1"
                  xmlns:adlcp = "http://www.adlnet.org/xsd/adlcp_v1p3"
                  xmlns:adlseq = "http://www.adlnet.org/xsd/adlseq_v1p3"
                  xmlns:adlnav = "http://www.adlnet.org/xsd/adlnav_v1p3"
                  xmlns:imsss = "http://www.imsglobal.org/xsd/imsss"
                  xmlns:xsi = "http://www.w3.org/2001/XMLSchema-instance"
                  xmlns:lom="http://ltsc.ieee.org/xsd/LOM"
                  xsi:schemaLocation = "http://www.imsglobal.org/xsd/imscp_v1p1 imscp_v1p1.xsd
                                       http://www.adlnet.org/xsd/adlcp_v1p3 adlcp_v1p3.xsd
                                       http://www.adlnet.org/xsd/adlseq_v1p3 adlseq_v1p3.xsd
                                       http://www.adlnet.org/xsd/adlnav_v1p3 adlnav_v1p3.xsd
                                       http://www.imsglobal.org/xsd/imsss imsss_v1p0.xsd
                                       http://ltsc.ieee.org/xsd/LOM lom.xsd" >
  <metadata>
    <schema>LETSI RTWS</schema>
    <schemaversion>1.0</schemaversion>
  </metadata>
  <organizations default="RTWS">
    <organization identifier="RTWS">
      <title>LETSI RTWS external example</title>
      <item identifier="i1" identifierref="r1" isvisible="true">
        <title>LETSI RTWS external example</title>
      </item>
    </organization>
  </organizations>
  <resources>
    <resource identifier="r1" type="webcontent" adlcp:scormType="sco" href="http://letsi.org">
      <metadata>
        <adlcp:location>resource_metadata.xml</adlcp:location>
      </metadata>
    </resource>
  </resources>
</manifest>