<?xml version="1.0"?>
<lom xmlns="http://ltsc.ieee.org/xsd/LOM" 
     xmlns:xsi="http://www.w3.org/2001/XMLSchema-instance"
     xmlns:hstm="http://www.healthstream.com/HSTMConfiguration.xsd"
     xmlns:RTWSM="http://letsi.org/RTWSMConfiguration" 
     xsi:schemaLocation="http://ltsc.ieee.org/xsd/LOM lomLoose.xsd 
                         http://letsi.org/RTWSMConfiguration RTWSMConfiguration.xsd">
  <technical>
    <location>http://letsi.org</location>
    <format>text/html</format>
    <RTWSM:RTWSMConfiguration secret="kWcrlUX5JEDGM/LtmEENI/aVmYvHNif5zB+d9+ct">
      <RTWSM:communicationVersion>1.0</RTWSM:communicationVersion>
    </RTWSM:RTWSMConfiguration>
  </technical>
</lom>